{
    "cam_K": [
        609.393676757812,
        0.0,
        313.485046386719,
        0.0,
        609.850219726562,
        241.858917236328,
        0.0,
        0.0,
        1.0
    ],
    "depth_scale": 0.001
}